{"bias": -9.1234412,"food_close": -2.983928392083,"ghosts_close": -3.65065432233,"food_eaten": 15.12232122121,"carrying_food_go_home": 1.822389123231}